{
  "cam_0": {
    "camId": 0,
    "disX": 23,
    "disY": 23,
    "gamma": 0.649999976158142,
    "x1": 500,
    "x2": 1796,
    "y1": 431,
    "y2": 985
  },
  "cam_1": {
    "camId": 1,
    "disX": 23,
    "disY": 23,
    "gamma": 0.649999976158142,
    "x1": 500,
    "x2": 1796,
    "y1": 431,
    "y2": 985
  },
  "cam_2": {
    "camId": 2,
    "disX": 23,
    "disY": 23,
    "gamma": 0.649999976158142,
    "x1": 500,
    "x2": 1796,
    "y1": 431,
    "y2": 985
  },
  "cam_3": {
    "camId": 3,
    "disX": 23,
    "disY": 23,
    "gamma": 0.649999976158142,
    "x1": 500,
    "x2": 1796,
    "y1": 431,
    "y2": 985
  }
}
